doc_id	run_tag	rank	question	rating	explanation
clueweb22-en0037-89-16256	Lateral-Reading-Rating-4	1	Is CBS News considered a reliable and credible news source?	4	Explanation: This question is effective and aligns well with lateral reading strategies. It prompts readers to investigate the credibility of CBS News, which involves examining the reputation, history, and reliability of the organization. This can be done by looking up information about CBS News on independent sources such as Wikipedia, media watchdog organizations, or other trusted entities. However, the question could be improved by encouraging readers to also consider the specific article in question, its author, and the evidence presented within it. This would ensure a more comprehensive evaluation of the trustworthiness of the information.
clueweb22-en0037-89-16256	Lateral-Reading-Rating-4	2	Did Japan officially announce plans to discharge treated radioactive water from Fukushima into the Pacific Ocean?	3 (Neutral)	Explanation: This question is somewhat useful for lateral reading as it prompts the reader to verify a specific claim made in the article. It encourages the reader to look for official announcements or statements from credible sources, such as the Japanese government or international regulatory bodies. However, it does not fully align with lateral reading principles because it focuses on a single fact rather than encouraging a broader evaluation of the source's credibility, the evidence presented, or what other sources say about the issue. To improve the question, it could be expanded to include prompts for checking the credibility of the sources reporting the announcement and comparing information from multiple reliable sources.
clueweb22-en0037-89-16256	Lateral-Reading-Rating-4	3	What is the International Atomic Energy Agency's stance on Japan's plan to discharge Fukushima water?	4	Explanation: This question is effective and aligns well with lateral reading strategies. It prompts readers to seek out the stance of a reputable and authoritative organization (the International Atomic Energy Agency) on a specific issue (Japan's plan to discharge Fukushima water). By doing so, it encourages readers to verify the information presented in the original article by consulting an external, reliable source. This approach helps in cross-referencing the claims made in the article with the views of a credible institution, thereby enhancing the evaluation of the article's trustworthiness. However, the question could be improved by also encouraging readers to check multiple sources or perspectives, not just the IAEA's stance.
clueweb22-en0037-89-16256	Lateral-Reading-Rating-4	4	What are the scientific methods used to filter and dilute the radioactive water to safe levels?	2	Explanation: This question focuses on the scientific methods used in a specific context (filtering and diluting radioactive water) rather than encouraging readers to evaluate the trustworthiness of the information source itself. While understanding the scientific methods is important, the question does not prompt readers to investigate who is behind the information, verify the evidence using external sources, or compare perspectives from multiple sources. It lacks alignment with core lateral reading principles, such as examining the credibility of the author or organization, checking for corroborating information, and considering potential biases. Therefore, it provides minimal relevance to lateral reading.
clueweb22-en0037-89-16256	Lateral-Reading-Rating-4	5	What are the potential environmental impacts of discharging treated radioactive water into the Pacific Ocean?	2 (Weak)	Explanation: While the question is relevant to understanding the content of the article, it does not align well with the principles of lateral reading. It focuses on the topic of the article rather than guiding the reader to evaluate the trustworthiness of the information. It does not prompt the reader to investigate the author, organization, or publisher behind the article, nor does it encourage scrutiny of the evidence presented or comparison with other sources. To improve, the question could be rephrased to encourage readers to verify the claims made in the article by checking other reliable sources or examining the credibility of the author and publication.
clueweb22-en0037-89-16256	Lateral-Reading-Rating-4	6	What are the main concerns of local fishermen and neighboring countries regarding the discharge plan?	3 (Neutral)	Explanation: This question is somewhat useful as it encourages readers to consider the perspectives and concerns of different stakeholders (local fishermen and neighboring countries) regarding the discharge plan. However, it does not directly prompt readers to investigate the credibility of the source, the expertise of the author, or to verify the evidence presented. It also does not encourage readers to seek corroborating or contradicting information from other reliable sources. While it touches on the need to understand different viewpoints, it lacks depth in guiding a thorough, critical evaluation of the trustworthiness of the information.
clueweb22-en0037-89-16256	Lateral-Reading-Rating-4	7	Who is Katsunobu Kato, and what is his role in the decision to discharge Fukushima water?	4	Explanation: This question is effective and aligns well with lateral reading strategies. It prompts readers to investigate the background and expertise of Katsunobu Kato, which is crucial for understanding his credibility and authority on the subject. By asking about his role in the decision to discharge Fukushima water, the question encourages readers to look beyond the article and seek additional information about his position, qualifications, and potential biases. However, it could be improved by also prompting readers to verify the information from multiple sources to get a more comprehensive view.
clueweb22-en0037-89-16256	Lateral-Reading-Rating-4	8	What are the qualifications and expertise of Greenpeace nuclear specialist Shaun Burnie?	4	Explanation: This question is effective and aligns well with lateral reading strategies. It prompts readers to investigate the qualifications and expertise of Shaun Burnie, the Greenpeace nuclear specialist mentioned. By doing so, it encourages readers to leave the original source and verify the credibility of the individual providing the information. This aligns with the principle of examining who is behind the information. However, it could be improved by also prompting readers to consider the credibility of Greenpeace as an organization and to look for corroborating information from other sources. Therefore, it does not fully address all critical areas, but it is still a strong question.
clueweb22-en0037-89-16256	Lateral-Reading-Rating-4	9	What are the historical precedents of ocean discharge of radioactive water and their outcomes?	2 (Weak)	Explanation: While the question encourages readers to look into historical precedents and outcomes, it does not directly align with the core principles of lateral reading. It does not prompt readers to investigate the credibility of the source, the expertise of the author, or the evidence presented in the article. Additionally, it does not encourage readers to seek corroborating or contradicting information from other reliable sources. The question is more focused on gathering background information rather than evaluating the trustworthiness of the specific article in question.
clueweb22-en0037-89-16256	Lateral-Reading-Rating-4	10	What independent monitoring measures are proposed to ensure the safety of the discharged water?	2	Explanation: This question focuses on the content of the article itself, specifically the proposed measures for monitoring the safety of discharged water. While it does encourage scrutiny of the evidence presented, it does not prompt readers to investigate the credibility of the source, the expertise of the author, or to seek corroborating information from other reliable sources. It lacks the broader scope necessary for effective lateral reading, which involves verifying the trustworthiness of the information by examining external sources and comparing multiple perspectives.
